COUNTRY,COUNTRY_GRP,SEX,YEAR,VALUE
ALB,,ALL,2003,528
ALB,,ALL,2004,572
ALB,,ALL,2005,0
ALB,,ALL,2010,70
ALB,,ALL,2012,258
AND,,ALL,1999,0
AND,,ALL,2000,2
AND,,ALL,2001,0
AND,,ALL,2002,0
AND,,ALL,2003,0
AND,,ALL,2004,0
AND,,ALL,2005,0
AND,,ALL,2006,0
AND,,ALL,2007,0
AND,,ALL,2008,0
AND,,ALL,2010,0
AND,,ALL,2011,1
AND,,ALL,2012,0
AND,,ALL,2013,0
ARM,,ALL,1990,793
ARM,,ALL,1991,602
ARM,,ALL,1992,501
ARM,,ALL,1993,484
ARM,,ALL,1994,473
ARM,,ALL,1995,360
ARM,,ALL,1996,333
ARM,,ALL,1997,253
ARM,,ALL,1998,263
ARM,,ALL,1999,229
ARM,,ALL,2000,122
ARM,,ALL,2001,122
ARM,,ALL,2003,103
ARM,,ALL,2004,106
ARM,,ALL,2005,86
ARM,,ALL,2006,91
ARM,,ALL,2007,85
ARM,,ALL,2008,111
ARM,,ALL,2010,17
ARM,,ALL,2011,73
ARM,,ALL,2012,63
ARM,,ALL,2013,58
AUT,,ALL,1990,274
AUT,,ALL,1991,257
AUT,,ALL,1992,269
AUT,,ALL,1993,275
AUT,,ALL,1994,241
AUT,,ALL,1995,209
AUT,,ALL,1996,222
AUT,,ALL,1997,210
AUT,,ALL,1998,251
AUT,,ALL,1999,322
AUT,,ALL,2000,264
AUT,,ALL,2001,210
AUT,,ALL,2003,519
AUT,,ALL,2004,576
AUT,,ALL,2005,572
AUT,,ALL,2010,290
AUT,,ALL,2011,175
AUT,,ALL,2012,91
AZE,,ALL,1990,1844
AZE,,ALL,1991,1850
AZE,,ALL,1992,2090
AZE,,ALL,1993,1169
AZE,,ALL,1994,665
AZE,,ALL,1995,448
AZE,,ALL,1996,347
AZE,,ALL,1997,352
AZE,,ALL,1998,309
AZE,,ALL,1999,198
AZE,,ALL,2000,198
AZE,,ALL,2001,172
AZE,,ALL,2003,147
AZE,,ALL,2004,179
AZE,,ALL,2005,281
AZE,,ALL,2007,360
AZE,,ALL,2008,409
AZE,,ALL,2010,370
AZE,,ALL,2011,258
AZE,,ALL,2012,242
AZE,,ALL,2013,194
BEL,,ALL,1990,74
BEL,,ALL,1991,121
BEL,,ALL,1992,80
BEL,,ALL,1993,48
BEL,,ALL,1994,52
BEL,,ALL,1995,68
BEL,,ALL,1996,324
BEL,,ALL,1997,308
BEL,,ALL,1998,134
BEL,,ALL,1999,126
BEL,,ALL,2000,258
BEL,,ALL,2001,532
BEL,,ALL,2002,709
BEL,,ALL,2003,728
BEL,,ALL,2005,554
BEL,,ALL,2007,146
BEL,,ALL,2008,459
BEL,,ALL,2013,97
BGR,,ALL,1990,3023
BGR,,ALL,1991,2930
BGR,,ALL,1992,2268
BGR,,ALL,1993,2204
BGR,,ALL,1994,2023
BGR,,ALL,1995,1879
BGR,,ALL,1996,1456
BGR,,ALL,1997,1507
BGR,,ALL,1998,1703
BGR,,ALL,1999,1404
BGR,,ALL,2000,1230
BGR,,ALL,2001,1134
BGR,,ALL,2002,1074
BGR,,ALL,2003,965
BGR,,ALL,2004,969
BGR,,ALL,2005,940
BGR,,ALL,2006,788
BGR,,ALL,2007,753
BGR,,ALL,2008,624
BGR,,ALL,2010,387
BGR,,ALL,2011,344
BGR,,ALL,2012,322
BIH,,ALL,1990,320
BIH,,ALL,1991,258
BIH,,ALL,1992,237
BIH,,ALL,1993,59
BIH,,ALL,1994,63
BIH,,ALL,1997,159
BIH,,ALL,1998,219
BIH,,ALL,1999,130
BIH,,ALL,2002,158
BIH,,ALL,2003,136
BIH,,ALL,2004,111
BIH,,ALL,2005,134
BIH,,ALL,2006,101
BIH,,ALL,2007,312
BIH,,ALL,2008,139
BIH,,ALL,2009,190
BIH,,ALL,2010,176
BIH,,ALL,2011,177
BIH,,ALL,2012,182
BLR,,ALL,1990,1854
BLR,,ALL,1991,1407
BLR,,ALL,1992,1225
BLR,,ALL,1993,1253
BLR,,ALL,1994,1308
BLR,,ALL,1995,1536
BLR,,ALL,1996,1687
BLR,,ALL,1997,1605
BLR,,ALL,1998,1266
BLR,,ALL,1999,937
BLR,,ALL,2000,934
BLR,,ALL,2001,968
BLR,,ALL,2002,697
BLR,,ALL,2003,580
BLR,,ALL,2004,473
BLR,,ALL,2005,376
BLR,,ALL,2007,276
BLR,,ALL,2009,145
BLR,,ALL,2010,142
BLR,,ALL,2011,128
BLR,,ALL,2012,116
BLR,,ALL,2013,69
CHE,,ALL,1990,445
CHE,,ALL,1991,444
CHE,,ALL,1992,519
CHE,,ALL,1993,453
CHE,,ALL,1994,420
CHE,,ALL,1995,354
CHE,,ALL,1996,192
CHE,,ALL,1997,259
CHE,,ALL,1998,180
CHE,,ALL,1999,201
CHE,,ALL,2000,143
CHE,,ALL,2001,122
CHE,,ALL,2002,163
CHE,,ALL,2003,109
CHE,,ALL,2004,92
CHE,,ALL,2005,74
CHE,,ALL,2006,95
CHE,,ALL,2007,104
CHE,,ALL,2008,55
CHE,,ALL,2009,54
CHE,,ALL,2010,60
CHE,,ALL,2011,70
CHE,,ALL,2012,70
CHE,,ALL,2013,62
CYP,,ALL,1990,5
CYP,,ALL,1991,3
CYP,,ALL,1992,2
CYP,,ALL,1993,6
CYP,,ALL,1994,3
CYP,,ALL,1995,1
CYP,,ALL,1996,2
CYP,,ALL,1997,1
CYP,,ALL,1998,5
CYP,,ALL,1999,7
CYP,,ALL,2000,4
CYP,,ALL,2001,3
CYP,,ALL,2002,0
CYP,,ALL,2003,5
CYP,,ALL,2004,11
CYP,,ALL,2005,6
CYP,,ALL,2006,7
CYP,,ALL,2007,13
CYP,,ALL,2008,7
CYP,,ALL,2009,7
CYP,,ALL,2010,7
CYP,,ALL,2011,10
CYP,,ALL,2012,13
CYP,,ALL,2013,10
CZE,,ALL,1990,1194
CZE,,ALL,1991,959
CZE,,ALL,1992,839
CZE,,ALL,1993,753
CZE,,ALL,1994,710
CZE,,ALL,1995,604
CZE,,ALL,1996,680
CZE,,ALL,1997,564
CZE,,ALL,1998,575
CZE,,ALL,1999,636
CZE,,ALL,2000,604
CZE,,ALL,2001,457
CZE,,ALL,2002,413
CZE,,ALL,2003,370
CZE,,ALL,2004,392
CZE,,ALL,2005,361
CZE,,ALL,2006,302
CZE,,ALL,2007,307
CZE,,ALL,2008,306
CZE,,ALL,2010,244
CZE,,ALL,2011,192
CZE,,ALL,2012,154
CZE,,ALL,2013,133
DEU,,ALL,1990,0
DEU,,ALL,1991,5081
DEU,,ALL,1992,5987
DEU,,ALL,1993,5497
DEU,,ALL,1994,5166
DEU,,ALL,1995,6146
DEU,,ALL,1996,6014
DEU,,ALL,1997,6085
DEU,,ALL,1998,5185
DEU,,ALL,1999,4565
DEU,,ALL,2000,4542
DEU,,ALL,2001,2428
DEU,,ALL,2002,1432
DEU,,ALL,2003,1304
DEU,,ALL,2004,1260
DEU,,ALL,2005,1235
DEU,,ALL,2006,1179
DEU,,ALL,2007,1008
DEU,,ALL,2008,822
DEU,,ALL,2009,748
DEU,,ALL,2011,805
DEU,,ALL,2012,679
DEU,,ALL,2013,691
DNK,,ALL,1990,102
DNK,,ALL,1991,69
DNK,,ALL,1992,52
DNK,,ALL,1993,105
DNK,,ALL,1994,115
DNK,,ALL,1995,112
DNK,,ALL,1996,101
DNK,,ALL,1997,101
DNK,,ALL,1998,94
DNK,,ALL,1999,59
DNK,,ALL,2000,62
DNK,,ALL,2001,44
DNK,,ALL,2002,63
DNK,,ALL,2003,33
DNK,,ALL,2004,45
DNK,,ALL,2005,26
DNK,,ALL,2006,18
DNK,,ALL,2007,23
DNK,,ALL,2008,23
DNK,,ALL,2010,26
DNK,,ALL,2011,16
DNK,,ALL,2012,21
DNK,,ALL,2013,19
ESP,,ALL,1997,1163
ESP,,ALL,1998,1134
ESP,,ALL,1999,935
ESP,,ALL,2000,866
ESP,,ALL,2001,780
ESP,,ALL,2002,818
ESP,,ALL,2003,738
ESP,,ALL,2004,737
ESP,,ALL,2005,636
ESP,,ALL,2006,795
ESP,,ALL,2007,934
ESP,,ALL,2008,1008
ESP,,ALL,2009,854
ESP,,ALL,2010,814
ESP,,ALL,2011,801
ESP,,ALL,2012,605
ESP,,ALL,2013,692
EST,,ALL,1990,111
EST,,ALL,1991,111
EST,,ALL,1992,88
EST,,ALL,1993,161
EST,,ALL,1994,231
EST,,ALL,1995,154
EST,,ALL,1996,265
EST,,ALL,1997,565
EST,,ALL,1998,495
EST,,ALL,1999,280
EST,,ALL,2000,437
EST,,ALL,2001,449
EST,,ALL,2002,244
EST,,ALL,2003,173
EST,,ALL,2004,127
EST,,ALL,2005,78
EST,,ALL,2006,45
EST,,ALL,2007,44
EST,,ALL,2008,53
EST,,ALL,2009,29
EST,,ALL,2010,23
EST,,ALL,2011,16
EST,,ALL,2012,9
EST,,ALL,2013,11
FIN,,ALL,1990,201
FIN,,ALL,1991,258
FIN,,ALL,1992,286
FIN,,ALL,1993,210
FIN,,ALL,1994,197
FIN,,ALL,1995,112
FIN,,ALL,1996,290
FIN,,ALL,1997,316
FIN,,ALL,1998,246
FIN,,ALL,1999,256
FIN,,ALL,2000,239
FIN,,ALL,2001,127
FIN,,ALL,2002,176
FIN,,ALL,2003,106
FIN,,ALL,2004,57
FIN,,ALL,2005,36
FIN,,ALL,2006,37
FIN,,ALL,2007,24
FIN,,ALL,2008,45
FIN,,ALL,2010,47
FIN,,ALL,2011,26
FIN,,ALL,2013,24
FRA,,ALL,1996,3000
FRA,,ALL,1997,6013
FRA,,ALL,1998,5130
FRA,,ALL,2010,0
FRA,,ALL,2011,0
GBR,,ALL,1990,904
GBR,,ALL,1991,800
GBR,,ALL,1992,685
GBR,,ALL,1993,837
GBR,,ALL,1994,832
GBR,,ALL,1995,794
GBR,,ALL,1996,785
GBR,,ALL,1997,889
GBR,,ALL,1998,1156
GBR,,ALL,1999,1144
GBR,,ALL,2000,1063
GBR,,ALL,2001,943
GBR,,ALL,2002,891
GBR,,ALL,2003,645
GBR,,ALL,2004,409
GBR,,ALL,2010,18
GBR,,ALL,2011,492
GBR,,ALL,2012,426
GBR,,ALL,2013,372
GEO,,ALL,1990,2482
GEO,,ALL,1991,1995
GEO,,ALL,1992,1715
GEO,,ALL,1993,1448
GEO,,ALL,1994,1013
GEO,,ALL,1995,746
GEO,,ALL,1996,548
GEO,,ALL,1997,452
GEO,,ALL,1998,457
GEO,,ALL,1999,530
GEO,,ALL,2000,455
GEO,,ALL,2001,500
GEO,,ALL,2002,251
GEO,,ALL,2003,257
GEO,,ALL,2004,279
GEO,,ALL,2005,308
GEO,,ALL,2006,325
GEO,,ALL,2007,238
GEO,,ALL,2008,220
GEO,,ALL,2010,104
GEO,,ALL,2011,118
GEO,,ALL,2012,170
GEO,,ALL,2013,217
GRC,,ALL,1990,457
GRC,,ALL,1991,333
GRC,,ALL,1992,235
GRC,,ALL,1993,304
GRC,,ALL,1994,224
GRC,,ALL,1995,182
GRC,,ALL,1996,137
GRC,,ALL,1997,164
GRC,,ALL,1998,257
GRC,,ALL,1999,286
GRC,,ALL,2000,234
GRC,,ALL,2001,219
GRC,,ALL,2002,171
GRC,,ALL,2003,144
GRC,,ALL,2004,181
GRC,,ALL,2007,85
GRC,,ALL,2008,80
GRC,,ALL,2009,54
GRC,,ALL,2010,34
GRC,,ALL,2011,39
GRC,,ALL,2012,49
GRC,,ALL,2013,32
HRV,,ALL,1990,188
HRV,,ALL,1991,182
HRV,,ALL,1992,222
HRV,,ALL,1993,246
HRV,,ALL,1994,208
HRV,,ALL,1995,214
HRV,,ALL,1996,198
HRV,,ALL,1997,263
HRV,,ALL,1998,211
HRV,,ALL,1999,215
HRV,,ALL,2000,189
HRV,,ALL,2001,200
HRV,,ALL,2002,205
HRV,,ALL,2003,180
HRV,,ALL,2004,217
HRV,,ALL,2005,164
HRV,,ALL,2006,148
HRV,,ALL,2007,136
HRV,,ALL,2008,126
HRV,,ALL,2009,123
HRV,,ALL,2010,58
HRV,,ALL,2011,53
HRV,,ALL,2012,38
HRV,,ALL,2013,48
HUN,,ALL,1998,180
HUN,,ALL,1999,169
HUN,,ALL,2001,159
HUN,,ALL,2002,159
HUN,,ALL,2003,143
HUN,,ALL,2004,131
HUN,,ALL,2005,119
HUN,,ALL,2006,83
HUN,,ALL,2007,81
HUN,,ALL,2008,88
HUN,,ALL,2009,66
HUN,,ALL,2011,67
HUN,,ALL,2012,53
HUN,,ALL,2013,62
IRL,,ALL,1990,11
IRL,,ALL,1991,15
IRL,,ALL,1992,13
IRL,,ALL,1993,11
IRL,,ALL,1994,20
IRL,,ALL,1995,11
IRL,,ALL,1996,11
IRL,,ALL,1997,31
IRL,,ALL,1998,155
IRL,,ALL,1999,160
IRL,,ALL,2000,187
IRL,,ALL,2001,342
IRL,,ALL,2002,458
IRL,,ALL,2003,547
IRL,,ALL,2004,36
IRL,,ALL,2005,67
IRL,,ALL,2006,93
IRL,,ALL,2007,52
IRL,,ALL,2008,84
IRL,,ALL,2010,48
IRL,,ALL,2011,45
IRL,,ALL,2012,36
ISL,,ALL,1990,69
ISL,,ALL,1991,50
ISL,,ALL,1992,16
ISL,,ALL,1993,12
ISL,,ALL,1994,14
ISL,,ALL,1995,11
ISL,,ALL,1996,18
ISL,,ALL,1997,21
ISL,,ALL,1998,15
ISL,,ALL,1999,45
ISL,,ALL,2000,49
ISL,,ALL,2001,61
ISL,,ALL,2003,22
ISL,,ALL,2004,125
ISL,,ALL,2005,39
ISL,,ALL,2010,3
ISL,,ALL,2011,2
ISL,,ALL,2013,3
ISR,,ALL,1990,319
ISR,,ALL,1991,143
ISR,,ALL,1992,139
ISR,,ALL,1993,138
ISR,,ALL,1994,132
ISR,,ALL,1995,60
ISR,,ALL,1996,86
ISR,,ALL,1997,95
ISR,,ALL,1998,46
ISR,,ALL,1999,90
ISR,,ALL,2000,101
ISR,,ALL,2001,108
ISR,,ALL,2002,102
ISR,,ALL,2003,99
ISR,,ALL,2004,83
ISR,,ALL,2005,105
ISR,,ALL,2007,44
ISR,,ALL,2008,52
ISR,,ALL,2009,42
ISR,,ALL,2010,39
ISR,,ALL,2011,34
ISR,,ALL,2012,36
ISR,,ALL,2013,41
ITA,,ALL,1990,3640
ITA,,ALL,1991,3260
ITA,,ALL,1992,3423
ITA,,ALL,1993,3344
ITA,,ALL,1994,2733
ITA,,ALL,1995,2600
ITA,,ALL,1996,2248
ITA,,ALL,1997,1996
ITA,,ALL,1998,1796
ITA,,ALL,1999,1575
ITA,,ALL,2000,1528
ITA,,ALL,2001,887
ITA,,ALL,2002,1367
ITA,,ALL,2003,820
ITA,,ALL,2004,804
ITA,,ALL,2005,460
ITA,,ALL,2006,822
ITA,,ALL,2007,1097
ITA,,ALL,2009,425
ITA,,ALL,2010,279
ITA,,ALL,2011,353
ITA,,ALL,2012,177
KAZ,,ALL,1990,5287
KAZ,,ALL,1991,5263
KAZ,,ALL,1992,4799
KAZ,,ALL,1993,4239
KAZ,,ALL,1994,3945
KAZ,,ALL,1995,4431
KAZ,,ALL,1996,4731
KAZ,,ALL,1997,4662
KAZ,,ALL,1998,3943
KAZ,,ALL,1999,2712
KAZ,,ALL,2000,3331
KAZ,,ALL,2001,2374
KAZ,,ALL,2002,2245
KAZ,,ALL,2003,1958
KAZ,,ALL,2004,1854
KAZ,,ALL,2005,1412
KAZ,,ALL,2007,846
KAZ,,ALL,2008,692
KAZ,,ALL,2010,428
KAZ,,ALL,2011,291
KAZ,,ALL,2012,208
KAZ,,ALL,2013,172
KGZ,,ALL,1990,1767
KGZ,,ALL,1991,1623
KGZ,,ALL,1992,1470
KGZ,,ALL,1993,1442
KGZ,,ALL,1994,1398
KGZ,,ALL,1995,1294
KGZ,,ALL,1996,1239
KGZ,,ALL,1997,1357
KGZ,,ALL,1998,1274
KGZ,,ALL,1999,1147
KGZ,,ALL,2000,1300
KGZ,,ALL,2001,942
KGZ,,ALL,2002,1931
KGZ,,ALL,2003,726
KGZ,,ALL,2004,762
KGZ,,ALL,2005,641
KGZ,,ALL,2007,637
KGZ,,ALL,2008,548
KGZ,,ALL,2010,509
KGZ,,ALL,2011,538
KGZ,,ALL,2012,562
KGZ,,ALL,2013,447
LTU,,ALL,1990,838
LTU,,ALL,1991,677
LTU,,ALL,1992,621
LTU,,ALL,1993,470
LTU,,ALL,1994,517
LTU,,ALL,1995,528
LTU,,ALL,1996,518
LTU,,ALL,1997,432
LTU,,ALL,1998,470
LTU,,ALL,1999,375
LTU,,ALL,2000,348
LTU,,ALL,2001,382
LTU,,ALL,2002,274
LTU,,ALL,2003,175
LTU,,ALL,2004,187
LTU,,ALL,2005,141
LTU,,ALL,2006,161
LTU,,ALL,2007,84
LTU,,ALL,2008,90
LTU,,ALL,2010,71
LTU,,ALL,2011,60
LTU,,ALL,2012,23
LTU,,ALL,2013,35
LUX,,ALL,1991,0
LUX,,ALL,1992,7
LUX,,ALL,1993,5
LUX,,ALL,1994,72
LUX,,ALL,1995,81
LUX,,ALL,1997,81
LUX,,ALL,1998,55
LUX,,ALL,2000,32
LUX,,ALL,2001,82
LUX,,ALL,2003,1
LUX,,ALL,2004,2
LUX,,ALL,2005,5
LUX,,ALL,2008,21
LUX,,ALL,2010,16
LVA,,ALL,1990,568
LVA,,ALL,1991,527
LVA,,ALL,1992,482
LVA,,ALL,1993,430
LVA,,ALL,1994,460
LVA,,ALL,1995,496
LVA,,ALL,1996,433
LVA,,ALL,1997,375
LVA,,ALL,1998,398
LVA,,ALL,1999,453
LVA,,ALL,2000,718
LVA,,ALL,2001,839
LVA,,ALL,2002,492
LVA,,ALL,2003,337
LVA,,ALL,2004,214
LVA,,ALL,2005,170
LVA,,ALL,2006,167
LVA,,ALL,2007,165
LVA,,ALL,2008,140
LVA,,ALL,2010,85
LVA,,ALL,2011,64
LVA,,ALL,2012,82
LVA,,ALL,2013,87
MCO,,ALL,2003,0
MDA,,ALL,1990,2512
MDA,,ALL,1991,2068
MDA,,ALL,1992,2082
MDA,,ALL,1993,2065
MDA,,ALL,1994,2166
MDA,,ALL,1995,1770
MDA,,ALL,1996,1304
MDA,,ALL,1997,1102
MDA,,ALL,1998,983
MDA,,ALL,1999,792
MDA,,ALL,2000,751
MDA,,ALL,2001,678
MDA,,ALL,2002,614
MDA,,ALL,2003,483
MDA,,ALL,2004,451
MDA,,ALL,2005,411
MDA,,ALL,2007,238
MDA,,ALL,2008,195
MDA,,ALL,2009,152
MDA,,ALL,2010,105
MDA,,ALL,2011,108
MDA,,ALL,2012,64
MDA,,ALL,2013,67
MKD,,ALL,1990,255
MKD,,ALL,1997,148
MKD,,ALL,1998,204
MKD,,ALL,1999,174
MKD,,ALL,2000,193
MKD,,ALL,2001,155
MKD,,ALL,2002,132
MKD,,ALL,2003,168
MKD,,ALL,2004,185
MKD,,ALL,2005,207
MKD,,ALL,2006,202
MKD,,ALL,2007,215
MKD,,ALL,2009,165
MKD,,ALL,2011,154
MKD,,ALL,2012,184
MKD,,ALL,2013,165
MLT,,ALL,1990,10
MLT,,ALL,1991,18
MLT,,ALL,1992,12
MLT,,ALL,1993,14
MLT,,ALL,1994,8
MLT,,ALL,1995,5
MLT,,ALL,1996,2
MLT,,ALL,1997,9
MLT,,ALL,1998,3
MLT,,ALL,1999,4
MLT,,ALL,2000,4
MLT,,ALL,2001,5
MLT,,ALL,2002,3
MLT,,ALL,2003,2
MLT,,ALL,2004,6
MLT,,ALL,2005,13
MLT,,ALL,2006,2
MLT,,ALL,2007,2
MLT,,ALL,2008,4
MLT,,ALL,2010,4
MLT,,ALL,2011,2
MNE,,ALL,2006,24
MNE,,ALL,2007,20
MNE,,ALL,2008,24
MNE,,ALL,2010,15
MNE,,ALL,2011,18
MNE,,ALL,2012,25
MNE,,ALL,2013,12
NLD,,ALL,1990,263
NLD,,ALL,1991,264
NLD,,ALL,1992,253
NLD,,ALL,1993,219
NLD,,ALL,1994,213
NLD,,ALL,1995,233
NLD,,ALL,1996,235
NLD,,ALL,1997,256
NLD,,ALL,1998,277
NLD,,ALL,1999,178
NLD,,ALL,2000,283
NLD,,ALL,2001,197
NLD,,ALL,2002,247
NLD,,ALL,2003,327
NLD,,ALL,2004,295
NLD,,ALL,2005,301
NLD,,ALL,2006,240
NLD,,ALL,2008,227
NLD,,ALL,2009,202
NLD,,ALL,2010,207
NLD,,ALL,2011,184
NLD,,ALL,2012,154
NLD,,ALL,2013,130
NOR,,ALL,1990,61
NOR,,ALL,1991,28
NOR,,ALL,1992,38
NOR,,ALL,1993,54
NOR,,ALL,1994,41
NOR,,ALL,1995,99
NOR,,ALL,1996,96
NOR,,ALL,1997,186
NOR,,ALL,1998,469
NOR,,ALL,1999,472
NOR,,ALL,2000,262
NOR,,ALL,2001,202
NOR,,ALL,2002,181
NOR,,ALL,2003,200
NOR,,ALL,2004,187
NOR,,ALL,2005,145
NOR,,ALL,2006,149
NOR,,ALL,2007,119
NOR,,ALL,2008,103
NOR,,ALL,2010,27
NOR,,ALL,2011,54
NOR,,ALL,2012,46
NOR,,ALL,2013,30
POL,,ALL,1990,15116
POL,,ALL,1991,13603
POL,,ALL,1992,13237
POL,,ALL,1993,13296
POL,,ALL,1994,10924
POL,,ALL,1995,9034
POL,,ALL,1996,6435
POL,,ALL,1997,4896
POL,,ALL,1998,4074
POL,,ALL,1999,3356
POL,,ALL,2000,2825
POL,,ALL,2001,2394
POL,,ALL,2002,2021
POL,,ALL,2003,1812
POL,,ALL,2004,1570
POL,,ALL,2005,649
POL,,ALL,2006,508
POL,,ALL,2007,364
POL,,ALL,2009,199
POL,,ALL,2010,150
POL,,ALL,2012,78
POL,,ALL,2013,81
PRT,,ALL,1990,480
PRT,,ALL,1991,609
PRT,,ALL,1992,807
PRT,,ALL,1993,1234
PRT,,ALL,1994,1114
PRT,,ALL,1995,993
PRT,,ALL,1996,835
PRT,,ALL,1997,680
PRT,,ALL,1998,572
PRT,,ALL,1999,407
PRT,,ALL,2000,286
PRT,,ALL,2001,210
PRT,,ALL,2002,155
PRT,,ALL,2003,118
PRT,,ALL,2004,96
PRT,,ALL,2005,97
PRT,,ALL,2006,42
PRT,,ALL,2007,64
PRT,,ALL,2009,67
PRT,,ALL,2010,47
PRT,,ALL,2011,25
PRT,,ALL,2012,8
ROU,,ALL,1990,7895
ROU,,ALL,1991,6811
ROU,,ALL,1992,5490
ROU,,ALL,1993,4850
ROU,,ALL,1994,5400
ROU,,ALL,1995,5541
ROU,,ALL,1996,4729
ROU,,ALL,1997,3865
ROU,,ALL,1998,3090
ROU,,ALL,1999,2755
ROU,,ALL,2000,2695
ROU,,ALL,2001,2678
ROU,,ALL,2002,2312
ROU,,ALL,2003,2030
ROU,,ALL,2004,1852
ROU,,ALL,2005,1620
ROU,,ALL,2006,1278
ROU,,ALL,2007,927
ROU,,ALL,2008,734
ROU,,ALL,2010,506
ROU,,ALL,2011,429
ROU,,ALL,2012,340
ROU,,ALL,2013,284
RUS,,ALL,1990,32337
RUS,,ALL,1991,26607
RUS,,ALL,1992,26826
RUS,,ALL,1993,33022
RUS,,ALL,1994,39798
RUS,,ALL,1995,52682
RUS,,ALL,1996,53089
RUS,,ALL,1997,53827
RUS,,ALL,1998,52561
RUS,,ALL,1999,64140
RUS,,ALL,2000,61997
RUS,,ALL,2001,51305
RUS,,ALL,2002,28523
RUS,,ALL,2003,18681
RUS,,ALL,2004,14981
RUS,,ALL,2005,12367
RUS,,ALL,2006,263
RUS,,ALL,2007,7520
RUS,,ALL,2008,5741
RUS,,ALL,2009,3836
RUS,,ALL,2010,3157
RUS,,ALL,2011,2442
RUS,,ALL,2012,2023
RUS,,ALL,2013,1908
SMR,,ALL,1990,4
SMR,,ALL,1991,4
SMR,,ALL,1992,0
SMR,,ALL,1993,1
SMR,,ALL,1994,3
SMR,,ALL,1995,1
SMR,,ALL,1996,2
SMR,,ALL,1997,3
SMR,,ALL,1998,3
SMR,,ALL,1999,2
SMR,,ALL,2000,0
SMR,,ALL,2001,1
SMR,,ALL,2003,1
SMR,,ALL,2004,0
SMR,,ALL,2005,0
SMR,,ALL,2006,0
SMR,,ALL,2011,0
SMR,,ALL,2012,1
SMR,,ALL,2013,1
SRB,,ALL,1990,733
SRB,,ALL,1991,804
SRB,,ALL,1992,535
SRB,,ALL,1993,533
SRB,,ALL,1994,596
SRB,,ALL,1995,581
SRB,,ALL,1996,678
SRB,,ALL,1997,586
SRB,,ALL,1998,535
SRB,,ALL,1999,368
SRB,,ALL,2000,402
SRB,,ALL,2001,474
SRB,,ALL,2002,394
SRB,,ALL,2003,368
SRB,,ALL,2004,358
SRB,,ALL,2005,323
SRB,,ALL,2007,331
SRB,,ALL,2008,344
SRB,,ALL,2009,287
SRB,,ALL,2010,248
SRB,,ALL,2011,258
SRB,,ALL,2012,227
SRB,,ALL,2013,185
SVK,,ALL,1990,619
SVK,,ALL,1991,511
SVK,,ALL,1992,534
SVK,,ALL,1993,426
SVK,,ALL,1994,380
SVK,,ALL,1995,338
SVK,,ALL,1996,300
SVK,,ALL,1997,260
SVK,,ALL,1998,202
SVK,,ALL,1999,208
SVK,,ALL,2000,165
SVK,,ALL,2001,148
SVK,,ALL,2002,142
SVK,,ALL,2003,140
SVK,,ALL,2004,111
SVK,,ALL,2005,124
SVK,,ALL,2006,123
SVK,,ALL,2007,103
SVK,,ALL,2008,112
SVK,,ALL,2010,112
SVK,,ALL,2011,93
SVK,,ALL,2012,73
SVK,,ALL,2013,74
SVN,,ALL,1990,117
SVN,,ALL,1991,133
SVN,,ALL,1992,95
SVN,,ALL,1993,68
SVN,,ALL,1994,37
SVN,,ALL,1995,43
SVN,,ALL,1996,35
SVN,,ALL,1997,24
SVN,,ALL,1998,35
SVN,,ALL,1999,29
SVN,,ALL,2000,27
SVN,,ALL,2001,18
SVN,,ALL,2002,16
SVN,,ALL,2003,23
SVN,,ALL,2004,23
SVN,,ALL,2005,19
SVN,,ALL,2006,26
SVN,,ALL,2007,16
SVN,,ALL,2008,17
SVN,,ALL,2009,14
SVN,,ALL,2010,7
SVN,,ALL,2011,25
SVN,,ALL,2012,15
SVN,,ALL,2013,20
SWE,,ALL,1990,257
SWE,,ALL,1991,254
SWE,,ALL,1992,207
SWE,,ALL,1993,211
SWE,,ALL,1994,264
SWE,,ALL,1995,294
SWE,,ALL,1996,185
SWE,,ALL,1997,154
SWE,,ALL,1998,136
SWE,,ALL,1999,214
SWE,,ALL,2000,225
SWE,,ALL,2001,215
SWE,,ALL,2002,289
SWE,,ALL,2003,377
SWE,,ALL,2004,253
SWE,,ALL,2005,217
SWE,,ALL,2006,164
SWE,,ALL,2007,200
SWE,,ALL,2008,178
SWE,,ALL,2010,125
SWE,,ALL,2011,89
SWE,,ALL,2012,82
SWE,,ALL,2013,78
TJK,,ALL,1990,3683
TJK,,ALL,1991,3987
TJK,,ALL,1992,2372
TJK,,ALL,1993,1873
TJK,,ALL,1994,1192
TJK,,ALL,1995,1005
TJK,,ALL,1996,957
TJK,,ALL,1997,596
TJK,,ALL,1998,270
TJK,,ALL,1999,312
TJK,,ALL,2000,301
TJK,,ALL,2001,226
TJK,,ALL,2003,285
TJK,,ALL,2004,236
TJK,,ALL,2005,223
TJK,,ALL,2006,246
TJK,,ALL,2007,219
TJK,,ALL,2008,306
TJK,,ALL,2010,265
TJK,,ALL,2011,374
TJK,,ALL,2012,292
TJK,,ALL,2013,263
TKM,,ALL,1990,2726
TKM,,ALL,1991,2252
TKM,,ALL,1992,1527
TKM,,ALL,1993,1402
TKM,,ALL,1994,998
TKM,,ALL,1995,984
TKM,,ALL,1996,786
TKM,,ALL,1997,1043
TKM,,ALL,1998,522
TKM,,ALL,1999,571
TKM,,ALL,2000,641
TKM,,ALL,2001,575
TKM,,ALL,2002,492
TKM,,ALL,2003,382
TKM,,ALL,2004,267
TKM,,ALL,2005,211
TKM,,ALL,2011,75
TKM,,ALL,2012,66
TKM,,ALL,2013,52
TUR,,ALL,1990,2620
TUR,,ALL,1991,2455
TUR,,ALL,1992,2551
TUR,,ALL,1993,2276
TUR,,ALL,1994,3099
TUR,,ALL,1995,2423
TUR,,ALL,1996,2435
TUR,,ALL,1997,4343
TUR,,ALL,1998,5003
TUR,,ALL,1999,4362
TUR,,ALL,2000,4115
TUR,,ALL,2001,5578
TUR,,ALL,2002,5813
TUR,,ALL,2003,5206
TUR,,ALL,2004,6951
TUR,,ALL,2005,8659
TUR,,ALL,2008,5849
TUR,,ALL,2009,4975
TUR,,ALL,2010,3099
TUR,,ALL,2012,2695
TUR,,ALL,2013,2403
UKR,,ALL,1990,15314
UKR,,ALL,1991,13532
UKR,,ALL,1992,12048
UKR,,ALL,1993,12902
UKR,,ALL,1994,12903
UKR,,ALL,1995,13096
UKR,,ALL,1996,11991
UKR,,ALL,1997,10099
UKR,,ALL,1998,9142
UKR,,ALL,1999,8317
UKR,,ALL,2000,9283
UKR,,ALL,2001,9501
UKR,,ALL,2003,7011
UKR,,ALL,2004,5366
UKR,,ALL,2005,4522
UKR,,ALL,2008,2649
UKR,,ALL,2010,2387
UKR,,ALL,2011,2198
UKR,,ALL,2012,1829
UZB,,ALL,1990,38853
UZB,,ALL,1991,30847
UZB,,ALL,1992,28553
UZB,,ALL,1993,23608
UZB,,ALL,1994,18678
UZB,,ALL,1995,21327
UZB,,ALL,1996,14136
UZB,,ALL,1997,13279
UZB,,ALL,1998,7133
UZB,,ALL,1999,6706
UZB,,ALL,2000,7276
UZB,,ALL,2001,5911
UZB,,ALL,2002,4683
UZB,,ALL,2003,3505
UZB,,ALL,2004,3007
UZB,,ALL,2005,2316
UZB,,ALL,2007,1391
UZB,,ALL,2008,942
UZB,,ALL,2011,604
UZB,,ALL,2012,528
UZB,,ALL,2013,445
,,,,
Last update,2021.11.22 12:54:50 GMT,,,
Description,Number of new hepatitis B cases,,,
Reference link,https://dw.euro.who.int/api/v3/measures/HFA_319?lang=En,,,
,,,,
Copyright,,,,
© WHO Regional Office for Europe 2022. All rights reserved.,http://www.euro.who.int/en/home/copyright-notice,,,
